family,condition,metric,variant,reference,n_seeds,variant_mean,variant_sample_std,reference_mean,reference_sample_std,paired_difference_mean,paired_difference_sample_std,improved_seeds
representation,A missing,absolute_l2,H0,B3_POINT,3,3.955972320505827,0.8417550446524797,3.432852875934195,0.18022419918414054,0.5231194445716315,1.016735469566645,1
representation,A missing,absolute_l2,B3_POINT,H0,3,3.432852875934195,0.18022419918414054,3.955972320505827,0.8417550446524797,-0.5231194445716315,1.016735469566645,2
representation,A missing,absolute_l2,REL,H0,3,4.443896288248177,0.5662744081565098,3.955972320505827,0.8417550446524797,0.48792396774235075,0.8867698052896374,1
representation,A missing,absolute_l2,REL,B3_POINT,3,4.443896288248177,0.5662744081565098,3.432852875934195,0.18022419918414054,1.0110434123139822,0.5927729097127046,0
representation,A missing,cosine_drift,H0,B3_POINT,3,0.09160350984713173,0.009249171988145807,0.057442673949508076,0.01240097095403143,0.03416083589762365,0.010409889983220712,0
representation,A missing,cosine_drift,B3_POINT,H0,3,0.057442673949508076,0.01240097095403143,0.09160350984713173,0.009249171988145807,-0.03416083589762365,0.010409889983220712,3
representation,A missing,cosine_drift,REL,H0,3,0.049246800855895646,0.005167246423919909,0.09160350984713173,0.009249171988145807,-0.04235670899123608,0.012932261607113736,3
representation,A missing,cosine_drift,REL,B3_POINT,3,0.049246800855895646,0.005167246423919909,0.057442673949508076,0.01240097095403143,-0.008195873093612424,0.01168428441480719,2
representation,A missing,legacy_D_cross,H0,B3_POINT,3,0.38956251756722166,0.08923638290147642,0.3508757867398833,0.044025396991893034,0.03868673082733837,0.07596664113230739,1
representation,A missing,legacy_D_cross,B3_POINT,H0,3,0.3508757867398833,0.044025396991893034,0.38956251756722166,0.08923638290147642,-0.03868673082733837,0.07596664113230739,2
representation,A missing,legacy_D_cross,REL,H0,3,0.35622338234017975,0.022981806011921554,0.38956251756722166,0.08923638290147642,-0.033339135227041905,0.06625712547394348,2
representation,A missing,legacy_D_cross,REL,B3_POINT,3,0.35622338234017975,0.022981806011921554,0.3508757867398833,0.044025396991893034,0.005347595600296462,0.037746915443964385,1
representation,A missing,relational_drift_rms,H0,B3_POINT,3,0.20208380174183707,0.011827976330690269,0.15417527739757553,0.021887970057798346,0.047908524344261544,0.0336065719333533,0
representation,A missing,relational_drift_rms,B3_POINT,H0,3,0.15417527739757553,0.021887970057798346,0.20208380174183707,0.011827976330690269,-0.047908524344261544,0.0336065719333533,3
representation,A missing,relational_drift_rms,REL,H0,3,0.0894929146910126,0.005905750659974241,0.20208380174183707,0.011827976330690269,-0.11259088705082448,0.010150821110841224,3
representation,A missing,relational_drift_rms,REL,B3_POINT,3,0.0894929146910126,0.005905750659974241,0.15417527739757553,0.021887970057798346,-0.06468236270656295,0.026117218850987476,3
representation,A missing,shared_reference_D_cross,H0,B3_POINT,3,0.38956251756722166,0.08923638290147642,0.3502497001909766,0.11188275482507104,0.039312817376245056,0.07745030166480484,1
representation,A missing,shared_reference_D_cross,B3_POINT,H0,3,0.3502497001909766,0.11188275482507104,0.38956251756722166,0.08923638290147642,-0.039312817376245056,0.07745030166480484,2
representation,A missing,shared_reference_D_cross,REL,H0,3,0.45562650669973154,0.17425474370357588,0.38956251756722166,0.08923638290147642,0.0660639891325099,0.09663822035850042,1
representation,A missing,shared_reference_D_cross,REL,B3_POINT,3,0.45562650669973154,0.17425474370357588,0.3502497001909766,0.11188275482507104,0.10537680650875496,0.08246562143731304,0
representation,A+V missing,absolute_l2,H0,B3_POINT,3,5.852748155463513,1.8713114247276057,5.552130028323153,0.4478990285633345,0.3006181271403605,1.953442255505976,2
representation,A+V missing,absolute_l2,B3_POINT,H0,3,5.552130028323153,0.4478990285633345,5.852748155463513,1.8713114247276057,-0.3006181271403605,1.953442255505976,1
representation,A+V missing,absolute_l2,REL,H0,3,7.189259223878737,0.825364709298785,5.852748155463513,1.8713114247276057,1.3365110684152242,2.041092130957815,1
representation,A+V missing,absolute_l2,REL,B3_POINT,3,7.189259223878737,0.825364709298785,5.552130028323153,0.4478990285633345,1.6371291955555847,1.2727008165809743,0
representation,A+V missing,cosine_drift,H0,B3_POINT,3,0.18611826803620427,0.03806619297048174,0.11054844392134568,0.010613213095125681,0.07556982411485857,0.04229579351885719,0
representation,A+V missing,cosine_drift,B3_POINT,H0,3,0.11054844392134568,0.010613213095125681,0.18611826803620427,0.03806619297048174,-0.07556982411485857,0.04229579351885719,3
representation,A+V missing,cosine_drift,REL,H0,3,0.10008854488888759,0.027333124100631184,0.18611826803620427,0.03806619297048174,-0.08602972314731665,0.04878252071382271,3
representation,A+V missing,cosine_drift,REL,B3_POINT,3,0.10008854488888759,0.027333124100631184,0.11054844392134568,0.010613213095125681,-0.010459899032458078,0.017051394126556846,2
representation,A+V missing,legacy_D_cross,H0,B3_POINT,3,0.5577780576152472,0.02405182259003321,0.5659829162631692,0.06252659383679034,-0.008204858647921864,0.08385223248470888,1
representation,A+V missing,legacy_D_cross,B3_POINT,H0,3,0.5659829162631692,0.06252659383679034,0.5577780576152472,0.02405182259003321,0.008204858647921864,0.08385223248470888,2
representation,A+V missing,legacy_D_cross,REL,H0,3,0.5764365032040666,0.02772540497775043,0.5577780576152472,0.02405182259003321,0.018658445588819312,0.00647418992520803,0
representation,A+V missing,legacy_D_cross,REL,B3_POINT,3,0.5764365032040666,0.02772540497775043,0.5659829162631692,0.06252659383679034,0.01045358694089745,0.08465950118001517,1
representation,A+V missing,relational_drift_rms,H0,B3_POINT,3,0.336618396300254,0.08262306578584755,0.24397140911555795,0.012592585096045966,0.09264698718469604,0.08714065147911261,0
representation,A+V missing,relational_drift_rms,B3_POINT,H0,3,0.24397140911555795,0.012592585096045966,0.336618396300254,0.08262306578584755,-0.09264698718469604,0.08714065147911261,3
representation,A+V missing,relational_drift_rms,REL,H0,3,0.14511877741189994,0.01800511031923539,0.336618396300254,0.08262306578584755,-0.191499618888354,0.07819339526216924,3
representation,A+V missing,relational_drift_rms,REL,B3_POINT,3,0.14511877741189994,0.01800511031923539,0.24397140911555795,0.012592585096045966,-0.09885263170365799,0.011066195298689725,3
representation,A+V missing,shared_reference_D_cross,H0,B3_POINT,3,0.5577780576152472,0.02405182259003321,0.5600459524828602,0.15085921795705423,-0.002267894867612789,0.15971205924341023,2
representation,A+V missing,shared_reference_D_cross,B3_POINT,H0,3,0.5600459524828602,0.15085921795705423,0.5577780576152472,0.02405182259003321,0.002267894867612789,0.15971205924341023,1
representation,A+V missing,shared_reference_D_cross,REL,H0,3,0.7316422961216205,0.2556200533593706,0.5577780576152472,0.02405182259003321,0.17386423850637323,0.24808852572297954,1
representation,A+V missing,shared_reference_D_cross,REL,B3_POINT,3,0.7316422961216205,0.2556200533593706,0.5600459524828602,0.15085921795705423,0.17159634363876042,0.16589202406257306,0
representation,T missing,absolute_l2,H0,B3_POINT,3,7.814638262617694,2.836004519998816,7.196616458077311,0.6043835580614788,0.6180218045403828,2.2368577977676276,2
representation,T missing,absolute_l2,B3_POINT,H0,3,7.196616458077311,0.6043835580614788,7.814638262617694,2.836004519998816,-0.6180218045403828,2.2368577977676276,1
representation,T missing,absolute_l2,REL,H0,3,9.867610719058002,1.537904987810345,7.814638262617694,2.836004519998816,2.052972456440308,3.6253392643160374,1
representation,T missing,absolute_l2,REL,B3_POINT,3,9.867610719058002,1.537904987810345,7.196616458077311,0.6043835580614788,2.6709942609806903,1.8748911318068242,0
representation,T missing,cosine_drift,H0,B3_POINT,3,0.2997055632361075,0.04867456775823004,0.1731775811789634,0.039579242618964755,0.12652798205714405,0.05329369280782489,0
representation,T missing,cosine_drift,B3_POINT,H0,3,0.1731775811789634,0.039579242618964755,0.2997055632361075,0.04867456775823004,-0.12652798205714405,0.05329369280782489,3
representation,T missing,cosine_drift,REL,H0,3,0.1490531230967675,0.01848410989098018,0.2997055632361075,0.04867456775823004,-0.15065244013933995,0.06391527987241274,3
representation,T missing,cosine_drift,REL,B3_POINT,3,0.1490531230967675,0.01848410989098018,0.1731775811789634,0.039579242618964755,-0.024124458082195915,0.03633707155267748,2
representation,T missing,legacy_D_cross,H0,B3_POINT,3,0.7373483661019012,0.040726623493362916,0.7305406734570835,0.00946698894264385,0.006807692644817731,0.039504192389192595,2
representation,T missing,legacy_D_cross,B3_POINT,H0,3,0.7305406734570835,0.00946698894264385,0.7373483661019012,0.040726623493362916,-0.006807692644817731,0.039504192389192595,1
representation,T missing,legacy_D_cross,REL,H0,3,0.7898524542244488,0.07151202679874404,0.7373483661019012,0.040726623493362916,0.05250408812254744,0.09642266934895515,1
representation,T missing,legacy_D_cross,REL,B3_POINT,3,0.7898524542244488,0.07151202679874404,0.7305406734570835,0.00946698894264385,0.05931178076736517,0.08080815114302524,1
representation,T missing,relational_drift_rms,H0,B3_POINT,3,0.5005544208536041,0.051014278841727566,0.3566047367050224,0.04262300946645199,0.1439496841485817,0.08308913084015296,0
representation,T missing,relational_drift_rms,B3_POINT,H0,3,0.3566047367050224,0.04262300946645199,0.5005544208536041,0.051014278841727566,-0.1439496841485817,0.08308913084015296,3
representation,T missing,relational_drift_rms,REL,H0,3,0.20053203170741205,0.018120501984395476,0.5005544208536041,0.051014278841727566,-0.300022389146192,0.053893707982156584,3
representation,T missing,relational_drift_rms,REL,B3_POINT,3,0.20053203170741205,0.018120501984395476,0.3566047367050224,0.04262300946645199,-0.15607270499761033,0.029832693293078458,3
representation,T missing,shared_reference_D_cross,H0,B3_POINT,3,0.7373483661019012,0.040726623493362916,0.7166648072351182,0.14825022638638316,0.02068355886678319,0.18871493996872946,2
representation,T missing,shared_reference_D_cross,B3_POINT,H0,3,0.7166648072351182,0.14825022638638316,0.7373483661019012,0.040726623493362916,-0.02068355886678319,0.18871493996872946,1
representation,T missing,shared_reference_D_cross,REL,H0,3,1.012417003514931,0.4061824065246339,0.7373483661019012,0.040726623493362916,0.27506863741302945,0.44127790025041286,1
representation,T missing,shared_reference_D_cross,REL,B3_POINT,3,1.012417003514931,0.4061824065246339,0.7166648072351182,0.14825022638638316,0.29575219627981264,0.27827975676720207,0
representation,T+A missing,absolute_l2,H0,B3_POINT,3,9.08801052082456,3.166674896995214,8.357425702055203,0.3235614632035072,0.7305848187693558,2.848736810362675,2
representation,T+A missing,absolute_l2,B3_POINT,H0,3,8.357425702055203,0.3235614632035072,9.08801052082456,3.166674896995214,-0.7305848187693558,2.848736810362675,1
representation,T+A missing,absolute_l2,REL,H0,3,11.612522454018489,2.5165221057151945,9.08801052082456,3.166674896995214,2.5245119331939296,4.766205074710295,1
representation,T+A missing,absolute_l2,REL,B3_POINT,3,11.612522454018489,2.5165221057151945,8.357425702055203,0.3235614632035072,3.255096751963286,2.6103547354888863,0
representation,T+A missing,cosine_drift,H0,B3_POINT,3,0.3994155166995362,0.03104638275594614,0.2425928301318002,0.044969165266446814,0.15682268656773599,0.049810447371672846,0
representation,T+A missing,cosine_drift,B3_POINT,H0,3,0.2425928301318002,0.044969165266446814,0.3994155166995362,0.03104638275594614,-0.15682268656773599,0.049810447371672846,3
representation,T+A missing,cosine_drift,REL,H0,3,0.2120007774718915,0.03307330766189194,0.3994155166995362,0.03104638275594614,-0.18741473922764462,0.05885914257065711,3
representation,T+A missing,cosine_drift,REL,B3_POINT,3,0.2120007774718915,0.03307330766189194,0.2425928301318002,0.044969165266446814,-0.030592052659908654,0.03678539589196566,2
representation,T+A missing,legacy_D_cross,H0,B3_POINT,3,0.861258389424992,0.046017336785795594,0.8504269107007496,0.03702580980170812,0.01083147872424232,0.07099372279310334,2
representation,T+A missing,legacy_D_cross,B3_POINT,H0,3,0.8504269107007496,0.03702580980170812,0.861258389424992,0.046017336785795594,-0.01083147872424232,0.07099372279310334,1
representation,T+A missing,legacy_D_cross,REL,H0,3,0.9275597272500345,0.14318966767367347,0.861258389424992,0.046017336785795594,0.06630133782504259,0.14027629407903713,1
representation,T+A missing,legacy_D_cross,REL,B3_POINT,3,0.9275597272500345,0.14318966767367347,0.8504269107007496,0.03702580980170812,0.0771328165492849,0.11726276051173827,1
representation,T+A missing,relational_drift_rms,H0,B3_POINT,3,0.5083865629758754,0.04336297551813541,0.3696844457294986,0.048839227996499084,0.1387021172463768,0.07837093151086742,0
representation,T+A missing,relational_drift_rms,B3_POINT,H0,3,0.3696844457294986,0.048839227996499084,0.5083865629758754,0.04336297551813541,-0.1387021172463768,0.07837093151086742,3
representation,T+A missing,relational_drift_rms,REL,H0,3,0.21911846115939673,0.018103784478766646,0.5083865629758754,0.04336297551813541,-0.28926810181647866,0.04106909644500397,3
representation,T+A missing,relational_drift_rms,REL,B3_POINT,3,0.21911846115939673,0.018103784478766646,0.3696844457294986,0.048839227996499084,-0.15056598457010184,0.03844211938995154,3
representation,T+A missing,shared_reference_D_cross,H0,B3_POINT,3,0.861258389424992,0.046017336785795594,0.8400832899052912,0.21373738698127784,0.02117509951970072,0.23847045552797358,2
representation,T+A missing,shared_reference_D_cross,B3_POINT,H0,3,0.8400832899052912,0.21373738698127784,0.861258389424992,0.046017336785795594,-0.02117509951970072,0.23847045552797358,1
representation,T+A missing,shared_reference_D_cross,REL,H0,3,1.2053402003390559,0.5680119594636285,0.861258389424992,0.046017336785795594,0.3440818109140638,0.5747908398684662,1
representation,T+A missing,shared_reference_D_cross,REL,B3_POINT,3,1.2053402003390559,0.5680119594636285,0.8400832899052912,0.21373738698127784,0.36525691043376457,0.3768851312472253,0
representation,T+V missing,absolute_l2,H0,B3_POINT,3,8.920896715873688,3.29165869344012,8.416245761892364,0.7960676542672596,0.5046509539813231,2.500740463752923,2
representation,T+V missing,absolute_l2,B3_POINT,H0,3,8.416245761892364,0.7960676542672596,8.920896715873688,3.29165869344012,-0.5046509539813231,2.500740463752923,1
representation,T+V missing,absolute_l2,REL,H0,3,11.021727195884784,1.156675039796296,8.920896715873688,3.29165869344012,2.1008304800110955,3.720218600905422,1
representation,T+V missing,absolute_l2,REL,B3_POINT,3,11.021727195884784,1.156675039796296,8.416245761892364,0.7960676542672596,2.6054814339924186,1.5970774511776047,0
representation,T+V missing,cosine_drift,H0,B3_POINT,3,0.3739032784207132,0.08474940296733667,0.22768591509698902,0.07552833596854662,0.14621736332372412,0.08084028528482894,0
representation,T+V missing,cosine_drift,B3_POINT,H0,3,0.22768591509698902,0.07552833596854662,0.3739032784207132,0.08474940296733667,-0.14621736332372412,0.08084028528482894,3
representation,T+V missing,cosine_drift,REL,H0,3,0.19847264744091908,0.02674906120477888,0.3739032784207132,0.08474940296733667,-0.17543063097979406,0.09024921608018775,3
representation,T+V missing,cosine_drift,REL,B3_POINT,3,0.19847264744091908,0.02674906120477888,0.22768591509698902,0.07552833596854662,-0.029213267656069936,0.05501137502768573,2
representation,T+V missing,legacy_D_cross,H0,B3_POINT,3,0.841000062913548,0.050882867211828754,0.8538599461714192,0.01447143234845539,-0.012859883257871204,0.042031342923831295,2
representation,T+V missing,legacy_D_cross,B3_POINT,H0,3,0.8538599461714192,0.01447143234845539,0.841000062913548,0.050882867211828754,0.012859883257871204,0.042031342923831295,1
representation,T+V missing,legacy_D_cross,REL,H0,3,0.8841966207697282,0.0341970786722153,0.841000062913548,0.050882867211828754,0.04319655785618004,0.06925197918901264,1
representation,T+V missing,legacy_D_cross,REL,B3_POINT,3,0.8841966207697282,0.0341970786722153,0.8538599461714192,0.01447143234845539,0.030336674598308837,0.04753592436257215,1
representation,T+V missing,relational_drift_rms,H0,B3_POINT,3,0.5692023479808999,0.062373637644617556,0.39743141076005345,0.03449121766928151,0.17177093722084644,0.09016091044598763,0
representation,T+V missing,relational_drift_rms,B3_POINT,H0,3,0.39743141076005345,0.03449121766928151,0.5692023479808999,0.062373637644617556,-0.17177093722084644,0.09016091044598763,3
representation,T+V missing,relational_drift_rms,REL,H0,3,0.24609567464375962,0.02341746890110501,0.5692023479808999,0.062373637644617556,-0.3231066733371402,0.07874139483766869,3
representation,T+V missing,relational_drift_rms,REL,B3_POINT,3,0.24609567464375962,0.02341746890110501,0.39743141076005345,0.03449121766928151,-0.15133573611629378,0.011768855925284842,3
representation,T+V missing,shared_reference_D_cross,H0,B3_POINT,3,0.841000062913548,0.050882867211828754,0.8364679404623107,0.16549387841616298,0.004532122451237353,0.21456528873378689,2
representation,T+V missing,shared_reference_D_cross,B3_POINT,H0,3,0.8364679404623107,0.16549387841616298,0.841000062913548,0.050882867211828754,-0.004532122451237353,0.21456528873378689,1
representation,T+V missing,shared_reference_D_cross,REL,H0,3,1.1242835385710779,0.39722040427031763,0.841000062913548,0.050882867211828754,0.2832834756575297,0.43923492836652445,1
representation,T+V missing,shared_reference_D_cross,REL,B3_POINT,3,1.1242835385710779,0.39722040427031763,0.8364679404623107,0.16549387841616298,0.28781559810876706,0.2464643039672218,0
representation,V missing,absolute_l2,H0,B3_POINT,3,3.805904154083827,1.4922800127973177,3.8247611423205012,0.5658519542967011,-0.018856988236674106,0.95594321830025,2
representation,V missing,absolute_l2,B3_POINT,H0,3,3.8247611423205012,0.5658519542967011,3.805904154083827,1.4922800127973177,0.018856988236674106,0.95594321830025,1
representation,V missing,absolute_l2,REL,H0,3,5.089405032453604,0.6324714062678459,3.805904154083827,1.4922800127973177,1.2835008783697774,1.2662969565435434,0
representation,V missing,absolute_l2,REL,B3_POINT,3,5.089405032453604,0.6324714062678459,3.8247611423205012,0.5658519542967011,1.2646438901331034,0.7056284231507902,0
representation,V missing,cosine_drift,H0,B3_POINT,3,0.09068781821771126,0.03253017609296162,0.05983261625114757,0.01995949748638495,0.03085520196656368,0.03425379840860527,0
representation,V missing,cosine_drift,B3_POINT,H0,3,0.05983261625114757,0.01995949748638495,0.09068781821771126,0.03253017609296162,-0.03085520196656368,0.03425379840860527,3
representation,V missing,cosine_drift,REL,H0,3,0.05696313351616744,0.020388472399019742,0.09068781821771126,0.03253017609296162,-0.03372468470154381,0.04085775797877669,3
representation,V missing,cosine_drift,REL,B3_POINT,3,0.05696313351616744,0.020388472399019742,0.05983261625114757,0.01995949748638495,-0.002869482734980127,0.007390185726487516,2
representation,V missing,legacy_D_cross,H0,B3_POINT,3,0.3567586578840823,0.03328504501832169,0.3870963547991528,0.030891601754390055,-0.030337696915070416,0.011574734181859456,3
representation,V missing,legacy_D_cross,B3_POINT,H0,3,0.3870963547991528,0.030891601754390055,0.3567586578840823,0.03328504501832169,0.030337696915070416,0.011574734181859456,0
representation,V missing,legacy_D_cross,REL,H0,3,0.4084503637898156,0.03570377156206741,0.3567586578840823,0.03328504501832169,0.05169170590573324,0.026515675891695845,0
representation,V missing,legacy_D_cross,REL,B3_POINT,3,0.4084503637898156,0.03570377156206741,0.3870963547991528,0.030891601754390055,0.021354008990662827,0.03619421582663839,1
representation,V missing,relational_drift_rms,H0,B3_POINT,3,0.2599293613357699,0.06958435694903477,0.18227954790806,0.0353584256203326,0.07764981342770992,0.06452352300324984,0
representation,V missing,relational_drift_rms,B3_POINT,H0,3,0.18227954790806,0.0353584256203326,0.2599293613357699,0.06958435694903477,-0.07764981342770992,0.06452352300324984,3
representation,V missing,relational_drift_rms,REL,H0,3,0.10832173156265389,0.011763703816848822,0.2599293613357699,0.06958435694903477,-0.151607629773116,0.06457474333091423,3
representation,V missing,relational_drift_rms,REL,B3_POINT,3,0.10832173156265389,0.011763703816848822,0.18227954790806,0.0353584256203326,-0.07395781634540612,0.02371107469669291,3
representation,V missing,shared_reference_D_cross,H0,B3_POINT,3,0.3567586578840823,0.03328504501832169,0.3763079752674277,0.05657332321803016,-0.01954931738334535,0.08720400119910515,2
representation,V missing,shared_reference_D_cross,B3_POINT,H0,3,0.3763079752674277,0.05657332321803016,0.3567586578840823,0.03328504501832169,0.01954931738334535,0.08720400119910515,1
representation,V missing,shared_reference_D_cross,REL,H0,3,0.5096115224675525,0.13903117042829555,0.3567586578840823,0.03328504501832169,0.15285286458347014,0.1716868736250787,0
representation,V missing,shared_reference_D_cross,REL,B3_POINT,3,0.5096115224675525,0.13903117042829555,0.3763079752674277,0.05657332321803016,0.1333035472001248,0.10354125140468184,0
representation,mean(6),absolute_l2,H0,B3_POINT,3,6.573028354894852,2.221610269935143,6.130005328100456,0.3695214109009354,0.4430230267943962,1.8891841268527445,2
representation,mean(6),absolute_l2,B3_POINT,H0,3,6.130005328100456,0.3695214109009354,6.573028354894852,2.221610269935143,-0.4430230267943962,1.8891841268527445,1
representation,mean(6),absolute_l2,REL,H0,3,8.204070152256968,1.1505512982680817,6.573028354894852,2.221610269935143,1.631041797362115,2.702281714820585,1
representation,mean(6),absolute_l2,REL,B3_POINT,3,8.204070152256968,1.1505512982680817,6.130005328100456,0.3695214109009354,2.0740648241565114,1.3978858052028296,0
representation,mean(6),cosine_drift,H0,B3_POINT,3,0.24023899240956734,0.03741014288723253,0.14521334342162565,0.03183635219857327,0.09502564898794168,0.044286418151911394,0
representation,mean(6),cosine_drift,B3_POINT,H0,3,0.14521334342162565,0.03183635219857327,0.24023899240956734,0.03741014288723253,-0.09502564898794168,0.044286418151911394,3
representation,mean(6),cosine_drift,REL,H0,3,0.12763750454508813,0.019997722902485682,0.24023899240956734,0.03741014288723253,-0.11260148786447921,0.04824234480507077,3
representation,mean(6),cosine_drift,REL,B3_POINT,3,0.12763750454508813,0.019997722902485682,0.14521334342162565,0.03183635219857327,-0.017575838876537537,0.01813473406796372,2
representation,mean(6),legacy_D_cross,H0,B3_POINT,3,0.6239510085844987,0.026125377718361164,0.6231304313552429,0.019706218269412053,0.000820577229255807,0.04575706356601495,1
representation,mean(6),legacy_D_cross,B3_POINT,H0,3,0.6231304313552429,0.019706218269412053,0.6239510085844987,0.026125377718361164,-0.000820577229255807,0.04575706356601495,2
representation,mean(6),legacy_D_cross,REL,H0,3,0.6571198419297123,0.048885147804306125,0.6239510085844987,0.026125377718361164,0.03316883334521351,0.043126195303768725,0
representation,mean(6),legacy_D_cross,REL,B3_POINT,3,0.6571198419297123,0.048885147804306125,0.6231304313552429,0.019706218269412053,0.033989410574469324,0.05908982858979238,1
representation,mean(6),relational_drift_rms,H0,B3_POINT,3,0.3961291485313734,0.0501328946896629,0.2840244712692946,0.02769441187442972,0.11210467726207875,0.06547987590038733,0
representation,mean(6),relational_drift_rms,B3_POINT,H0,3,0.2840244712692946,0.02769441187442972,0.3961291485313734,0.0501328946896629,-0.11210467726207875,0.06547987590038733,3
representation,mean(6),relational_drift_rms,REL,H0,3,0.16811326519602246,0.015464483460483151,0.3961291485313734,0.0501328946896629,-0.22801588333535092,0.050007702384357006,3
representation,mean(6),relational_drift_rms,REL,B3_POINT,3,0.16811326519602246,0.015464483460483151,0.2840244712692946,0.02769441187442972,-0.11591120607327215,0.016399479882517047,3
representation,mean(6),shared_reference_D_cross,H0,B3_POINT,3,0.6239510085844987,0.026125377718361164,0.613303277590664,0.13980937717136255,0.010647730993834703,0.15576166628063123,2
representation,mean(6),shared_reference_D_cross,B3_POINT,H0,3,0.613303277590664,0.13980937717136255,0.6239510085844987,0.026125377718361164,-0.010647730993834703,0.15576166628063123,1
representation,mean(6),shared_reference_D_cross,REL,H0,3,0.8398201779523283,0.32305202160388924,0.6239510085844987,0.026125377718361164,0.21586916936782943,0.3274215259941409,1
representation,mean(6),shared_reference_D_cross,REL,B3_POINT,3,0.8398201779523283,0.32305202160388924,0.613303277590664,0.13980937717136255,0.22651690036166414,0.20694588784568493,0
task,A missing,Corr,H0,B3_POINT,3,0.5963784116076857,0.003305068447312606,0.6015288052592392,0.004656585118380988,-0.005150393651553564,0.0017492690059422282,3
task,A missing,Corr,B3_POINT,H0,3,0.6015288052592392,0.004656585118380988,0.5963784116076857,0.003305068447312606,0.005150393651553564,0.0017492690059422282,0
task,A missing,Corr,REL,H0,3,0.6004710405875872,0.006758895427728742,0.5963784116076857,0.003305068447312606,0.004092628979901554,0.0069850628275782084,1
task,A missing,Corr,REL,B3_POINT,3,0.6004710405875872,0.006758895427728742,0.6015288052592392,0.004656585118380988,-0.00105776467165201,0.006279242692687064,2
task,A missing,DeltaCorr,H0,B3_POINT,3,-0.0007241062801987738,0.007020424555911928,2.50171986146223e-05,0.008748081285317602,-0.000749123478813396,0.004907844610482999,2
task,A missing,DeltaCorr,B3_POINT,H0,3,2.50171986146223e-05,0.008748081285317602,-0.0007241062801987738,0.007020424555911928,0.000749123478813396,0.004907844610482999,1
task,A missing,DeltaCorr,REL,H0,3,0.002401359020423932,0.015594161423849829,-0.0007241062801987738,0.007020424555911928,0.003125465300622706,0.009896998499399607,1
task,A missing,DeltaCorr,REL,B3_POINT,3,0.002401359020423932,0.015594161423849829,2.50171986146223e-05,0.008748081285317602,0.00237634182180931,0.006983034527551792,2
task,A missing,DeltaMAE,H0,B3_POINT,3,-0.0014875442486597852,0.013591632811713482,-0.006347483385190311,0.0012454874521866054,0.004859939136530526,0.014822475321851264,1
task,A missing,DeltaMAE,B3_POINT,H0,3,-0.006347483385190311,0.0012454874521866054,-0.0014875442486597852,0.013591632811713482,-0.004859939136530526,0.014822475321851264,2
task,A missing,DeltaMAE,REL,H0,3,0.0016342177375979021,0.01084638593730033,-0.0014875442486597852,0.013591632811713482,0.0031217619862576873,0.005585769625072548,1
task,A missing,DeltaMAE,REL,B3_POINT,3,0.0016342177375979021,0.01084638593730033,-0.006347483385190311,0.0012454874521866054,0.007981701122788213,0.011917746985627527,1
task,A missing,MAE,H0,B3_POINT,3,0.6676265946319622,0.008992626816600196,0.6573596543987686,0.0015910922502350817,0.010266940233193522,0.00837948128962251,0
task,A missing,MAE,B3_POINT,H0,3,0.6573596543987686,0.0015910922502350817,0.6676265946319622,0.008992626816600196,-0.010266940233193522,0.00837948128962251,3
task,A missing,MAE,REL,H0,3,0.6582343378592028,0.0017396204571716346,0.6676265946319622,0.008992626816600196,-0.009392256772759308,0.010731576610101936,2
task,A missing,MAE,REL,B3_POINT,3,0.6582343378592028,0.0017396204571716346,0.6573596543987686,0.0015910922502350817,0.000874683460434215,0.002873324437839086,1
task,A+V missing,Corr,H0,B3_POINT,3,0.5890666883433343,0.005952218567083619,0.603198600495685,0.013829762729840838,-0.01413191215235062,0.018142087348833793,2
task,A+V missing,Corr,B3_POINT,H0,3,0.603198600495685,0.013829762729840838,0.5890666883433343,0.005952218567083619,0.01413191215235062,0.018142087348833793,1
task,A+V missing,Corr,REL,H0,3,0.5959119696351698,0.011383185946021728,0.5890666883433343,0.005952218567083619,0.006845281291835481,0.01623569989123854,1
task,A+V missing,Corr,REL,B3_POINT,3,0.5959119696351698,0.011383185946021728,0.603198600495685,0.013829762729840838,-0.007286630860515138,0.0030341704366012,3
task,A+V missing,DeltaCorr,H0,B3_POINT,3,0.006587616984152556,0.0032911766225148407,-0.0016447780378311034,0.020501515621630488,0.00823239502198366,0.019474346082136315,1
task,A+V missing,DeltaCorr,B3_POINT,H0,3,-0.0016447780378311034,0.020501515621630488,0.006587616984152556,0.0032911766225148407,-0.00823239502198366,0.019474346082136315,2
task,A+V missing,DeltaCorr,REL,H0,3,0.006960429972841335,0.020432949156739665,0.006587616984152556,0.0032911766225148407,0.00037281298868877916,0.020809413458692888,2
task,A+V missing,DeltaCorr,REL,B3_POINT,3,0.006960429972841335,0.020432949156739665,-0.0016447780378311034,0.020501515621630488,0.008605208010672438,0.008726060778050085,1
task,A+V missing,DeltaMAE,H0,B3_POINT,3,0.002612257996125115,0.009647140645789495,-0.007108361750650734,0.007310288470048299,0.00972061974677585,0.015411940728287983,1
task,A+V missing,DeltaMAE,B3_POINT,H0,3,-0.007108361750650734,0.007310288470048299,0.002612257996125115,0.009647140645789495,-0.00972061974677585,0.015411940728287983,2
task,A+V missing,DeltaMAE,REL,H0,3,0.005733155317738843,0.015797498287011345,0.002612257996125115,0.009647140645789495,0.0031208973216137284,0.01841063268888244,1
task,A+V missing,DeltaMAE,REL,B3_POINT,3,0.005733155317738843,0.015797498287011345,-0.007108361750650734,0.007310288470048299,0.012841517068389577,0.011330152719928543,0
task,A+V missing,MAE,H0,B3_POINT,3,0.6717263968767471,0.004521616856853108,0.6565987760333082,0.008949975500404791,0.015127620843438846,0.012925371616184228,0
task,A+V missing,MAE,B3_POINT,H0,3,0.6565987760333082,0.008949975500404791,0.6717263968767471,0.004521616856853108,-0.015127620843438846,0.012925371616184228,3
task,A+V missing,MAE,REL,H0,3,0.6623332754393437,0.005725194821678854,0.6717263968767471,0.004521616856853108,-0.009393121437403265,0.010085333895008488,3
task,A+V missing,MAE,REL,B3_POINT,3,0.6623332754393437,0.005725194821678854,0.6565987760333082,0.008949975500404791,0.00573449940603558,0.0036792848135118335,0
task,None,Corr,H0,B3_POINT,3,0.5956543053274869,0.004762962573220707,0.6015538224578538,0.007081943205019201,-0.00589951713036696,0.004769953256844538,3
task,None,Corr,B3_POINT,H0,3,0.6015538224578538,0.007081943205019201,0.5956543053274869,0.004762962573220707,0.00589951713036696,0.004769953256844538,0
task,None,Corr,REL,H0,3,0.6028723996080111,0.009316659202754235,0.5956543053274869,0.004762962573220707,0.0072180942805242605,0.004664343415206105,0
task,None,Corr,REL,B3_POINT,3,0.6028723996080111,0.009316659202754235,0.6015538224578538,0.007081943205019201,0.0013185771501573,0.007312293310571478,1
task,None,DeltaCorr,H0,B3_POINT,3,0.0,0.0,0.0,0.0,0.0,0.0,0
task,None,DeltaCorr,B3_POINT,H0,3,0.0,0.0,0.0,0.0,0.0,0.0,0
task,None,DeltaCorr,REL,H0,3,0.0,0.0,0.0,0.0,0.0,0.0,0
task,None,DeltaCorr,REL,B3_POINT,3,0.0,0.0,0.0,0.0,0.0,0.0,0
task,None,DeltaMAE,H0,B3_POINT,3,0.0,0.0,0.0,0.0,0.0,0.0,0
task,None,DeltaMAE,B3_POINT,H0,3,0.0,0.0,0.0,0.0,0.0,0.0,0
task,None,DeltaMAE,REL,H0,3,0.0,0.0,0.0,0.0,0.0,0.0,0
task,None,DeltaMAE,REL,B3_POINT,3,0.0,0.0,0.0,0.0,0.0,0.0,0
task,None,MAE,H0,B3_POINT,3,0.669114138880622,0.00578572601663997,0.663707137783959,0.0020201374916788703,0.005407001096662996,0.006693536326201797,0
task,None,MAE,B3_POINT,H0,3,0.663707137783959,0.0020201374916788703,0.669114138880622,0.00578572601663997,-0.005407001096662996,0.006693536326201797,3
task,None,MAE,REL,H0,3,0.6566001201216051,0.012583807739568237,0.669114138880622,0.00578572601663997,-0.012514018759016995,0.010093017622989508,3
task,None,MAE,REL,B3_POINT,3,0.6566001201216051,0.012583807739568237,0.663707137783959,0.0020201374916788703,-0.007107017662353998,0.014497621975441823,2
task,T missing,Corr,H0,B3_POINT,3,0.27708091266752893,0.016876866454533034,0.27590882855538124,0.02735708318898068,0.0011720841121477439,0.014081460468798499,1
task,T missing,Corr,B3_POINT,H0,3,0.27590882855538124,0.02735708318898068,0.27708091266752893,0.016876866454533034,-0.0011720841121477439,0.014081460468798499,2
task,T missing,Corr,REL,H0,3,0.29114570324477124,0.006469552779252888,0.27708091266752893,0.016876866454533034,0.014064790577242303,0.019024692866453384,1
task,T missing,Corr,REL,B3_POINT,3,0.29114570324477124,0.006469552779252888,0.27590882855538124,0.02735708318898068,0.015236874689390048,0.026320018031747643,1
task,T missing,DeltaCorr,H0,B3_POINT,3,0.31857339265995793,0.014883615719294018,0.3256449939024726,0.02041069313859147,-0.007071601242514695,0.014261518967382942,2
task,T missing,DeltaCorr,B3_POINT,H0,3,0.3256449939024726,0.02041069313859147,0.31857339265995793,0.014883615719294018,0.007071601242514695,0.014261518967382942,1
task,T missing,DeltaCorr,REL,H0,3,0.31172669636323985,0.005241807761731475,0.31857339265995793,0.014883615719294018,-0.006846696296718043,0.01920148265434955,1
task,T missing,DeltaCorr,REL,B3_POINT,3,0.31172669636323985,0.005241807761731475,0.3256449939024726,0.02041069313859147,-0.013918297539232738,0.025640143734071495,2
task,T missing,DeltaMAE,H0,B3_POINT,3,0.13335910776543258,0.00821193159491116,0.1424676686545671,0.006170423791976145,-0.009108560889134512,0.008268957370397364,3
task,T missing,DeltaMAE,B3_POINT,H0,3,0.1424676686545671,0.006170423791976145,0.13335910776543258,0.00821193159491116,0.009108560889134512,0.008268957370397364,0
task,T missing,DeltaMAE,REL,H0,3,0.1468540593481347,0.009060423789996696,0.13335910776543258,0.00821193159491116,0.013494951582702122,0.012507840658303427,1
task,T missing,DeltaMAE,REL,B3_POINT,3,0.1468540593481347,0.009060423789996696,0.1424676686545671,0.006170423791976145,0.00438639069356761,0.015033107767540308,1
task,T missing,MAE,H0,B3_POINT,3,0.8024732466460546,0.002604822235863426,0.8061748064385261,0.004575781906342521,-0.003701559792471517,0.0029622606143219735,3
task,T missing,MAE,B3_POINT,H0,3,0.8061748064385261,0.004575781906342521,0.8024732466460546,0.002604822235863426,0.003701559792471517,0.0029622606143219735,0
task,T missing,MAE,REL,H0,3,0.8034541794697397,0.007004192546001307,0.8024732466460546,0.002604822235863426,0.0009809328236851285,0.009301675753825685,2
task,T missing,MAE,REL,B3_POINT,3,0.8034541794697397,0.007004192546001307,0.8061748064385261,0.004575781906342521,-0.002720626968786388,0.009579676206751772,2
task,T+A missing,Corr,H0,B3_POINT,3,0.2345425734519353,0.009188228992818627,0.22944642665797207,0.0050320049544518445,0.00509614679396327,0.012078228213776831,2
task,T+A missing,Corr,B3_POINT,H0,3,0.22944642665797207,0.0050320049544518445,0.2345425734519353,0.009188228992818627,-0.00509614679396327,0.012078228213776831,1
task,T+A missing,Corr,REL,H0,3,0.25008274495292004,0.004875468910492855,0.2345425734519353,0.009188228992818627,0.015540171500984737,0.012051930152827392,0
task,T+A missing,Corr,REL,B3_POINT,3,0.25008274495292004,0.004875468910492855,0.22944642665797207,0.0050320049544518445,0.020636318294948008,0.00019921230711000305,0
task,T+A missing,DeltaCorr,H0,B3_POINT,3,0.3611117318755515,0.011440272125920215,0.3721073957998818,0.005385548767218576,-0.010995663924330231,0.015847746885821416,2
task,T+A missing,DeltaCorr,B3_POINT,H0,3,0.3721073957998818,0.005385548767218576,0.3611117318755515,0.011440272125920215,0.010995663924330231,0.015847746885821416,1
task,T+A missing,DeltaCorr,REL,H0,3,0.35278965465509105,0.004441191079278701,0.3611117318755515,0.011440272125920215,-0.008322077220460486,0.008658565914396529,2
task,T+A missing,DeltaCorr,REL,B3_POINT,3,0.35278965465509105,0.004441191079278701,0.3721073957998818,0.005385548767218576,-0.019317741144790717,0.007323540415029578,3
task,T+A missing,DeltaMAE,H0,B3_POINT,3,0.14077090944617965,0.007837343232506488,0.14890191997853738,0.007514470660692919,-0.008131010532357727,0.012004452666776817,2
task,T+A missing,DeltaMAE,B3_POINT,H0,3,0.14890191997853738,0.007514470660692919,0.14077090944617965,0.007837343232506488,0.008131010532357727,0.012004452666776817,1
task,T+A missing,DeltaMAE,REL,H0,3,0.14905231008254669,0.009406610602060769,0.14077090944617965,0.007837343232506488,0.008281400636367028,0.004961125318339162,0
task,T+A missing,DeltaMAE,REL,B3_POINT,3,0.14905231008254669,0.009406610602060769,0.14890191997853738,0.007514470660692919,0.00015039010400930142,0.015631501125823587,2
task,T+A missing,MAE,H0,B3_POINT,3,0.8098850483268016,0.003299209650756264,0.8126090577624963,0.005794404030627012,-0.0027240094356947298,0.008454921063545612,2
task,T+A missing,MAE,B3_POINT,H0,3,0.8126090577624963,0.005794404030627012,0.8098850483268016,0.003299209650756264,0.0027240094356947298,0.008454921063545612,1
task,T+A missing,MAE,REL,H0,3,0.8056524302041517,0.003201855571860226,0.8098850483268016,0.003299209650756264,-0.004232618122649967,0.006423239080266814,2
task,T+A missing,MAE,REL,B3_POINT,3,0.8056524302041517,0.003201855571860226,0.8126090577624963,0.005794404030627012,-0.006956627558344697,0.005181660673883565,3
task,T+V missing,Corr,H0,B3_POINT,3,0.22130324294855255,0.006908461522964629,0.21392531922881478,0.02440339105382907,0.00737792371973776,0.02499410083245256,1
task,T+V missing,Corr,B3_POINT,H0,3,0.21392531922881478,0.02440339105382907,0.22130324294855255,0.006908461522964629,-0.00737792371973776,0.02499410083245256,2
task,T+V missing,Corr,REL,H0,3,0.23974865357321615,0.00398124686106251,0.22130324294855255,0.006908461522964629,0.018445410624663556,0.0030358977309100452,0
task,T+V missing,Corr,REL,B3_POINT,3,0.23974865357321615,0.00398124686106251,0.21392531922881478,0.02440339105382907,0.025823334344401316,0.025109912319012176,0
task,T+V missing,DeltaCorr,H0,B3_POINT,3,0.37435106237893434,0.010234526331109287,0.387628503229039,0.02378913798622059,-0.013277440850104738,0.026449218207331284,2
task,T+V missing,DeltaCorr,B3_POINT,H0,3,0.387628503229039,0.02378913798622059,0.37435106237893434,0.010234526331109287,0.013277440850104738,0.026449218207331284,1
task,T+V missing,DeltaCorr,REL,H0,3,0.36312374603479497,0.011894221973353438,0.37435106237893434,0.010234526331109287,-0.011227316344139296,0.005462563940351412,3
task,T+V missing,DeltaCorr,REL,B3_POINT,3,0.36312374603479497,0.011894221973353438,0.387628503229039,0.02378913798622059,-0.024504757194244036,0.031562427632467395,2
task,T+V missing,DeltaMAE,H0,B3_POINT,3,0.14852472259897398,0.005931328268502288,0.15832312080159464,0.005907209139311449,-0.009798398202620665,0.010572418754133492,2
task,T+V missing,DeltaMAE,B3_POINT,H0,3,0.15832312080159464,0.005907209139311449,0.14852472259897398,0.005931328268502288,0.009798398202620665,0.010572418754133492,1
task,T+V missing,DeltaMAE,REL,H0,3,0.15979517031450574,0.009066471202350258,0.14852472259897398,0.005931328268502288,0.011270447715531762,0.006940481808403174,0
task,T+V missing,DeltaMAE,REL,B3_POINT,3,0.15979517031450574,0.009066471202350258,0.15832312080159464,0.005907209139311449,0.0014720495129110962,0.014966869706795246,2
task,T+V missing,MAE,H0,B3_POINT,3,0.8176388614795959,0.001271548064362886,0.8220302585855537,0.0039042843865577243,-0.004391397105957669,0.005070738711681823,2
task,T+V missing,MAE,B3_POINT,H0,3,0.8220302585855537,0.0039042843865577243,0.8176388614795959,0.001271548064362886,0.004391397105957669,0.005070738711681823,1
task,T+V missing,MAE,REL,H0,3,0.8163952904361107,0.004022141386761297,0.8176388614795959,0.001271548064362886,-0.0012435710434852327,0.004753392369091637,2
task,T+V missing,MAE,REL,B3_POINT,3,0.8163952904361107,0.004022141386761297,0.8220302585855537,0.0039042843865577243,-0.005634968149442902,0.0023914005949577303,3
task,V missing,Corr,H0,B3_POINT,3,0.5908628952204117,0.009798513019972394,0.6036849471135609,0.004977770029036975,-0.012822051893149259,0.011522862685030624,3
task,V missing,Corr,B3_POINT,H0,3,0.6036849471135609,0.004977770029036975,0.5908628952204117,0.009798513019972394,0.012822051893149259,0.011522862685030624,0
task,V missing,Corr,REL,H0,3,0.6018865778623749,0.0030272447251553517,0.5908628952204117,0.009798513019972394,0.011023682641963295,0.006929582395498103,0
task,V missing,Corr,REL,B3_POINT,3,0.6018865778623749,0.0030272447251553517,0.6036849471135609,0.004977770029036975,-0.0017983692511859644,0.0067471582772511175,2
task,V missing,DeltaCorr,H0,B3_POINT,3,0.004791410107075178,0.008459001366972202,-0.002131124655707121,0.011903025438631826,0.006922534762782299,0.01016744696335022,1
task,V missing,DeltaCorr,B3_POINT,H0,3,-0.002131124655707121,0.011903025438631826,0.004791410107075178,0.008459001366972202,-0.006922534762782299,0.01016744696335022,2
task,V missing,DeltaCorr,REL,H0,3,0.0009858217456361433,0.0070711672078250225,0.004791410107075178,0.008459001366972202,-0.003805588361439035,0.010599316606200088,1
task,V missing,DeltaCorr,REL,B3_POINT,3,0.0009858217456361433,0.0070711672078250225,-0.002131124655707121,0.011903025438631826,0.0031169464013432644,0.006629630644199247,2
task,V missing,DeltaMAE,H0,B3_POINT,3,0.005252996897683955,0.003117309903408852,0.0008902310992366935,0.006379210678894618,0.004362765798447262,0.00845550023940219,1
task,V missing,DeltaMAE,B3_POINT,H0,3,0.0008902310992366935,0.006379210678894618,0.005252996897683955,0.003117309903408852,-0.004362765798447262,0.00845550023940219,2
task,V missing,DeltaMAE,REL,H0,3,0.003210063032836441,0.006601708630700457,0.005252996897683955,0.003117309903408852,-0.0020429338648475146,0.008856032453631146,2
task,V missing,DeltaMAE,REL,B3_POINT,3,0.003210063032836441,0.006601708630700457,0.0008902310992366935,0.006379210678894618,0.0023198319335997475,0.000673565974398561,0
task,V missing,MAE,H0,B3_POINT,3,0.6743671357783058,0.00844375752150636,0.6645973688831956,0.008255860455991047,0.009769766895110258,0.013022628997069198,1
task,V missing,MAE,B3_POINT,H0,3,0.6645973688831956,0.008255860455991047,0.6743671357783058,0.00844375752150636,-0.009769766895110258,0.013022628997069198,2
task,V missing,MAE,REL,H0,3,0.6598101831544413,0.00856998215491364,0.6743671357783058,0.00844375752150636,-0.014556952623864508,0.001374695724578659,3
task,V missing,MAE,REL,B3_POINT,3,0.6598101831544413,0.00856998215491364,0.6645973688831956,0.008255860455991047,-0.004787185728754251,0.013926652195620065,2
task,missAvg,Corr,H0,B3_POINT,3,0.41820578737324143,0.002325893736860761,0.42128215455177553,0.00454193044797568,-0.0030763671785341007,0.003241681792064989,2
task,missAvg,Corr,B3_POINT,H0,3,0.42128215455177553,0.00454193044797568,0.41820578737324143,0.002325893736860761,0.0030763671785341007,0.003241681792064989,1
task,missAvg,Corr,REL,H0,3,0.4298744483093399,0.002773036474789891,0.41820578737324143,0.002325893736860761,0.011668660936098474,0.004994405131814738,0
task,missAvg,Corr,REL,B3_POINT,3,0.4298744483093399,0.002773036474789891,0.42128215455177553,0.00454193044797568,0.008592293757564373,0.006209341127779685,0
task,missAvg,DeltaCorr,H0,B3_POINT,3,0.17744851795424546,0.0032129092845103084,0.18027166790607832,0.0052732122844149085,-0.0028231499518328595,0.006952462192297988,2
task,missAvg,DeltaCorr,B3_POINT,H0,3,0.18027166790607832,0.0052732122844149085,0.17744851795424546,0.0032129092845103084,0.0028231499518328595,0.006952462192297988,1
task,missAvg,DeltaCorr,REL,H0,3,0.17299795129867124,0.0106426569458635,0.17744851795424546,0.0032129092845103084,-0.0044505666555742325,0.008059019592074366,2
task,missAvg,DeltaCorr,REL,B3_POINT,3,0.17299795129867124,0.0106426569458635,0.18027166790607832,0.0052732122844149085,-0.007273716607407092,0.010723669393418869,2
task,missAvg,DeltaMAE,H0,B3_POINT,3,0.07150540840928926,0.006680213987520332,0.07285451589968246,0.0012591320220610325,-0.0013491074903932098,0.007590872945096573,1
task,missAvg,DeltaMAE,B3_POINT,H0,3,0.07285451589968246,0.0012591320220610325,0.07150540840928926,0.006680213987520332,0.0013491074903932098,0.007590872945096573,2
task,missAvg,DeltaMAE,REL,H0,3,0.07771316263889338,0.009850495928544742,0.07150540840928926,0.006680213987520332,0.006207754229604133,0.008839995891723232,1
task,missAvg,DeltaMAE,REL,B3_POINT,3,0.07771316263889338,0.009850495928544742,0.07285451589968246,0.0012591320220610325,0.004858646739210923,0.011077092700438348,2
task,missAvg,MAE,H0,B3_POINT,3,0.7406195472899112,0.0011611644790848227,0.7365616536836413,0.0009073109510885229,0.004057893606269847,0.0009646442879655444,0
task,missAvg,MAE,B3_POINT,H0,3,0.7365616536836413,0.0009073109510885229,0.7406195472899112,0.0011611644790848227,-0.004057893606269847,0.0009646442879655444,3
task,missAvg,MAE,REL,H0,3,0.7343132827604983,0.004150631757057245,0.7406195472899112,0.0011611644790848227,-0.00630626452941289,0.005167315562714663,3
task,missAvg,MAE,REL,B3_POINT,3,0.7343132827604983,0.004150631757057245,0.7365616536836413,0.0009073109510885229,-0.002248370923143043,0.004302928800401752,2
