dataset,protocol,model,seed,missing_pattern,missing_probability,best_epoch,n_params,MAE,Corr,timestamp
MOSEI,A,M0/M1 Baseline,42,None,0.0,16,184321,0.6526361575902832,0.5976129164568745,2026-09-05 14:30:51
MOSEI,A,M0/M1 Baseline,42,T missing,0.0,16,184321,0.8074025027035426,0.2222668791591348,2026-09-05 14:30:52
MOSEI,A,M0/M1 Baseline,42,A missing,0.0,16,184321,0.705730782748435,0.5318140681774542,2026-09-05 14:30:53
MOSEI,A,M0/M1 Baseline,42,V missing,0.0,16,184321,0.656473739347885,0.5930655346392839,2026-09-05 14:30:54
MOSEI,A,M0/M1 Baseline,42,T+A missing,0.0,16,184321,0.8485376046971088,0.07412659700927647,2026-09-05 14:30:55
MOSEI,A,M0/M1 Baseline,42,T+V missing,0.0,16,184321,0.8302961540362398,0.09980406096375907,2026-09-05 14:30:56
MOSEI,A,M0/M1 Baseline,42,A+V missing,0.0,16,184321,0.7646025522443693,0.45365776854004186,2026-09-05 14:30:57
MOSEI,B,M0/M1 Baseline,42,None,0.5,14,184321,0.657909406084665,0.609999515750291,2026-09-05 14:30:58
MOSEI,B,M0/M1 Baseline,42,T missing,0.5,14,184321,0.7988047362974744,0.2684691918586714,2026-09-05 14:30:59
MOSEI,B,M0/M1 Baseline,42,A missing,0.5,14,184321,0.6549083480355432,0.6113869285170531,2026-09-05 14:31:00
MOSEI,B,M0/M1 Baseline,42,V missing,0.5,14,184321,0.659007336344883,0.6090370791108515,2026-09-05 14:31:01
MOSEI,B,M0/M1 Baseline,42,T+A missing,0.5,14,184321,0.7972661926027697,0.2506557226691714,2026-09-05 14:31:02
MOSEI,B,M0/M1 Baseline,42,T+V missing,0.5,14,184321,0.8134400337397825,0.2275561314409322,2026-09-05 14:31:03
MOSEI,B,M0/M1 Baseline,42,A+V missing,0.5,14,184321,0.657880746598955,0.6025254350718375,2026-09-05 14:31:04
MOSEI,A,M2 MaskAware,42,None,0.0,22,185089,0.6639262500289428,0.5903693545172246,2026-09-05 14:31:05
MOSEI,A,M2 MaskAware,42,T missing,0.0,22,185089,0.8051845383955146,0.23344041949946856,2026-09-05 14:31:06
MOSEI,A,M2 MaskAware,42,A missing,0.0,22,185089,0.7517656950819108,0.4605878581482731,2026-09-05 14:31:07
MOSEI,A,M2 MaskAware,42,V missing,0.0,22,185089,0.6670301886946911,0.5854970715729673,2026-09-05 14:31:08
MOSEI,A,M2 MaskAware,42,T+A missing,0.0,22,185089,0.8938718838087595,-0.056679933406521034,2026-09-05 14:31:09
MOSEI,A,M2 MaskAware,42,T+V missing,0.0,22,185089,0.8321192734059777,0.07722624698443738,2026-09-05 14:31:10
MOSEI,A,M2 MaskAware,42,A+V missing,0.0,22,185089,0.7912994188451958,0.3954063467131729,2026-09-05 14:31:11
MOSEI,B,M2 MaskAware,42,None,0.5,15,185089,0.6576753570740826,0.5979916338955245,2026-09-05 14:31:12
MOSEI,B,M2 MaskAware,42,T missing,0.5,15,185089,0.8055227557713222,0.2560634400412046,2026-09-05 14:31:13
MOSEI,B,M2 MaskAware,42,A missing,0.5,15,185089,0.6543526632161233,0.6007750202850729,2026-09-05 14:31:14
MOSEI,B,M2 MaskAware,42,V missing,0.5,15,185089,0.650097244263352,0.6055466637872835,2026-09-05 14:31:15
MOSEI,B,M2 MaskAware,42,T+A missing,0.5,15,185089,0.8131858131939241,0.2185186567334399,2026-09-05 14:31:16
MOSEI,B,M2 MaskAware,42,T+V missing,0.5,15,185089,0.817817612223871,0.19542476647680238,2026-09-05 14:31:17
MOSEI,B,M2 MaskAware,42,A+V missing,0.5,15,185089,0.6516996983783688,0.6023201892651373,2026-09-05 14:31:18
MOSEI,A,M3 H0 Hyper,42,None,0.0,25,434945,0.6537208662248457,0.6069862188096948,2026-09-05 14:31:19
MOSEI,A,M3 H0 Hyper,42,T missing,0.0,25,434945,0.814931376872447,0.2546482924316827,2026-09-05 14:31:20
MOSEI,A,M3 H0 Hyper,42,A missing,0.0,25,434945,0.776884981398033,0.47015854705936605,2026-09-05 14:31:21
MOSEI,A,M3 H0 Hyper,42,V missing,0.0,25,434945,0.6689077864256169,0.5655253084294876,2026-09-05 14:31:22
MOSEI,A,M3 H0 Hyper,42,T+A missing,0.0,25,434945,0.8420645079552211,0.011094746144579568,2026-09-05 14:31:23
MOSEI,A,M3 H0 Hyper,42,T+V missing,0.0,25,434945,0.8193497074550662,0.16315589734138158,2026-09-05 14:31:24
MOSEI,A,M3 H0 Hyper,42,A+V missing,0.0,25,434945,0.7805539968020818,0.3920730706916981,2026-09-05 14:31:25
MOSEI,B,M3 H0 Hyper,42,None,0.5,22,434945,0.6591024988108952,0.6017551351444713,2026-09-05 14:31:26
MOSEI,B,M3 H0 Hyper,42,T missing,0.5,22,434945,0.8001293935633235,0.2469606499169577,2026-09-05 14:31:27
MOSEI,B,M3 H0 Hyper,42,A missing,0.5,22,434945,0.6595772029023893,0.6000232404224769,2026-09-05 14:31:28
MOSEI,B,M3 H0 Hyper,42,V missing,0.5,22,434945,0.6572085812630908,0.608963657230307,2026-09-05 14:31:29
MOSEI,B,M3 H0 Hyper,42,T+A missing,0.5,22,434945,0.8048502428437785,0.22916463860291605,2026-09-05 14:31:30
MOSEI,B,M3 H0 Hyper,42,T+V missing,0.5,22,434945,0.8296296937090433,0.13880562877787345,2026-09-05 14:31:31
MOSEI,B,M3 H0 Hyper,42,A+V missing,0.5,22,434945,0.6581771769596979,0.6043202613420489,2026-09-05 14:31:32
MOSEI-DimMatch,A,M0/M1 Baseline,42,None,0.0,20,173569,0.6543028629038673,0.5970657161390402,2026-09-05 14:56:23
MOSEI-DimMatch,A,M0/M1 Baseline,42,T missing,0.0,20,173569,0.8317358471670852,0.10220907129453163,2026-09-05 14:56:23
MOSEI-DimMatch,A,M0/M1 Baseline,42,A missing,0.0,20,173569,0.6465344055603124,0.6062311690374865,2026-09-05 14:56:24
MOSEI-DimMatch,A,M0/M1 Baseline,42,V missing,0.0,20,173569,0.6660032810808122,0.5937333941642774,2026-09-05 14:56:25
MOSEI-DimMatch,A,M0/M1 Baseline,42,T+A missing,0.0,20,173569,0.8420775713075582,0.017968509996045583,2026-09-05 14:56:25
MOSEI-DimMatch,A,M0/M1 Baseline,42,T+V missing,0.0,20,173569,0.8354784339082936,0.07383269500768125,2026-09-05 14:56:26
MOSEI-DimMatch,A,M0/M1 Baseline,42,A+V missing,0.0,20,173569,0.6730701135619621,0.5826311857710141,2026-09-05 14:56:27
MOSEI-DimMatch,B,M0/M1 Baseline,42,None,0.5,23,173569,0.654280598180273,0.6008945205080986,2026-09-05 14:56:28
MOSEI-DimMatch,B,M0/M1 Baseline,42,T missing,0.5,23,173569,0.8110177329851841,0.24601600030178275,2026-09-05 14:56:29
MOSEI-DimMatch,B,M0/M1 Baseline,42,A missing,0.5,23,173569,0.6416197186068013,0.6110107910656101,2026-09-05 14:56:29
MOSEI-DimMatch,B,M0/M1 Baseline,42,V missing,0.5,23,173569,0.6546032566486757,0.6056094949474817,2026-09-05 14:56:30
MOSEI-DimMatch,B,M0/M1 Baseline,42,T+A missing,0.5,23,173569,0.8069298022209204,0.2188266232906862,2026-09-05 14:56:31
MOSEI-DimMatch,B,M0/M1 Baseline,42,T+V missing,0.5,23,173569,0.8207229944104342,0.17530582314551701,2026-09-05 14:56:32
MOSEI-DimMatch,B,M0/M1 Baseline,42,A+V missing,0.5,23,173569,0.6520929564417242,0.605122029576243,2026-09-05 14:56:32
MOSEI-DimMatch,A,M2 MaskAware,42,None,0.0,13,174337,0.6498218906715806,0.5927870932650188,2026-09-05 14:56:33
MOSEI-DimMatch,A,M2 MaskAware,42,T missing,0.0,13,174337,0.8289194792941305,0.1516365384137735,2026-09-05 14:56:34
MOSEI-DimMatch,A,M2 MaskAware,42,A missing,0.0,13,174337,0.6479185145399986,0.597240300596353,2026-09-05 14:56:35
MOSEI-DimMatch,A,M2 MaskAware,42,V missing,0.0,13,174337,0.6682389336054572,0.583430948208613,2026-09-05 14:56:36
MOSEI-DimMatch,A,M2 MaskAware,42,T+A missing,0.0,13,174337,0.8391493062288324,0.07938425512621966,2026-09-05 14:56:36
MOSEI-DimMatch,A,M2 MaskAware,42,T+V missing,0.0,13,174337,0.8353286937237505,0.10295362373407921,2026-09-05 14:56:37
MOSEI-DimMatch,A,M2 MaskAware,42,A+V missing,0.0,13,174337,0.6714283122382885,0.5776370044997758,2026-09-05 14:56:38
MOSEI-DimMatch,B,M2 MaskAware,42,None,0.5,14,174337,0.6644039307982222,0.5928906441285862,2026-09-05 14:56:39
MOSEI-DimMatch,B,M2 MaskAware,42,T missing,0.5,14,174337,0.8139590406864091,0.2238117080352771,2026-09-05 14:56:39
MOSEI-DimMatch,B,M2 MaskAware,42,A missing,0.5,14,174337,0.65411181930116,0.605247933701083,2026-09-05 14:56:40
MOSEI-DimMatch,B,M2 MaskAware,42,V missing,0.5,14,174337,0.6663374913792801,0.5989189651151106,2026-09-05 14:56:41
MOSEI-DimMatch,B,M2 MaskAware,42,T+A missing,0.5,14,174337,0.8107151283381895,0.2026660480324658,2026-09-05 14:56:42
MOSEI-DimMatch,B,M2 MaskAware,42,T+V missing,0.5,14,174337,0.8215864947574799,0.16789066006039535,2026-09-05 14:56:42
MOSEI-DimMatch,B,M2 MaskAware,42,A+V missing,0.5,14,174337,0.658754986793839,0.6081034606812773,2026-09-05 14:56:43
MOSEI-DimMatch,A,M3 H0 Hyper,42,None,0.0,18,413441,0.653127695631348,0.5837271381324958,2026-09-05 14:56:44
MOSEI-DimMatch,A,M3 H0 Hyper,42,T missing,0.0,18,413441,0.8383044234926347,0.04939003601259695,2026-09-05 14:56:45
MOSEI-DimMatch,A,M3 H0 Hyper,42,A missing,0.0,18,413441,0.6508217547086104,0.5944643333813391,2026-09-05 14:56:46
MOSEI-DimMatch,A,M3 H0 Hyper,42,V missing,0.0,18,413441,0.6662134411634576,0.5898299417079026,2026-09-05 14:56:47
MOSEI-DimMatch,A,M3 H0 Hyper,42,T+A missing,0.0,18,413441,0.8406677311266083,0.02215067888577859,2026-09-05 14:56:48
MOSEI-DimMatch,A,M3 H0 Hyper,42,T+V missing,0.0,18,413441,0.8378522996554015,0.02543130441917662,2026-09-05 14:56:48
MOSEI-DimMatch,A,M3 H0 Hyper,42,A+V missing,0.0,18,413441,0.673893400503762,0.5796794294695259,2026-09-05 14:56:49
MOSEI-DimMatch,B,M3 H0 Hyper,42,None,0.5,23,413441,0.6458242961667175,0.6132581976465382,2026-09-05 14:56:50
MOSEI-DimMatch,B,M3 H0 Hyper,42,T missing,0.5,23,413441,0.8076677276477469,0.24405890385357304,2026-09-05 14:56:51
MOSEI-DimMatch,B,M3 H0 Hyper,42,A missing,0.5,23,413441,0.6476711847959434,0.6108737723991182,2026-09-05 14:56:52
MOSEI-DimMatch,B,M3 H0 Hyper,42,V missing,0.5,23,413441,0.6514956136895758,0.6112729570506978,2026-09-05 14:56:53
MOSEI-DimMatch,B,M3 H0 Hyper,42,T+A missing,0.5,23,413441,0.8059071661231778,0.22824802786089465,2026-09-05 14:56:53
MOSEI-DimMatch,B,M3 H0 Hyper,42,T+V missing,0.5,23,413441,0.8207975659268334,0.17659082248313637,2026-09-05 14:56:54
MOSEI-DimMatch,B,M3 H0 Hyper,42,A+V missing,0.5,23,413441,0.6552300812389971,0.6062506285544494,2026-09-05 14:56:55
MOSEI-B3,A,H0 (w/o cons),42,None,0.0,25,434945,0.6537208662248457,0.6069862188096948,2026-09-05 15:59:06
MOSEI-B3,A,H0 (w/o cons),42,T missing,0.0,25,434945,0.814931376872447,0.2546482924316827,2026-09-05 15:59:08
MOSEI-B3,A,H0 (w/o cons),42,A missing,0.0,25,434945,0.776884981398033,0.47015854705936605,2026-09-05 15:59:08
MOSEI-B3,A,H0 (w/o cons),42,V missing,0.0,25,434945,0.6689077864256169,0.5655253084294876,2026-09-05 15:59:09
MOSEI-B3,A,H0 (w/o cons),42,T+A missing,0.0,25,434945,0.8420645079552211,0.011094746144579568,2026-09-05 15:59:10
MOSEI-B3,A,H0 (w/o cons),42,T+V missing,0.0,25,434945,0.8193497074550662,0.16315589734138158,2026-09-05 15:59:11
MOSEI-B3,A,H0 (w/o cons),42,A+V missing,0.0,25,434945,0.7805539968020818,0.3920730706916981,2026-09-05 15:59:12
MOSEI-B3,B,H0 (w/o cons),42,None,0.5,22,434945,0.6591024988108952,0.6017551351444713,2026-09-05 15:59:13
MOSEI-B3,B,H0 (w/o cons),42,T missing,0.5,22,434945,0.8001293935633235,0.2469606499169577,2026-09-05 15:59:14
MOSEI-B3,B,H0 (w/o cons),42,A missing,0.5,22,434945,0.6595772029023893,0.6000232404224769,2026-09-05 15:59:15
MOSEI-B3,B,H0 (w/o cons),42,V missing,0.5,22,434945,0.6572085812630908,0.608963657230307,2026-09-05 15:59:16
MOSEI-B3,B,H0 (w/o cons),42,T+A missing,0.5,22,434945,0.8048502428437785,0.22916463860291605,2026-09-05 15:59:17
MOSEI-B3,B,H0 (w/o cons),42,T+V missing,0.5,22,434945,0.8296296937090433,0.13880562877787345,2026-09-05 15:59:18
MOSEI-B3,B,H0 (w/o cons),42,A+V missing,0.5,22,434945,0.6581771769596979,0.6043202613420489,2026-09-05 15:59:19
MOSEI-B3,A,H0+cons λ=0.01,42,None,0.0,29,434945,0.837642493793969,0.0,2026-09-05 16:10:41
MOSEI-B3,A,H0+cons λ=0.01,42,T missing,0.0,29,434945,0.8376424937653792,0.00517528702558593,2026-09-05 16:10:42
MOSEI-B3,A,H0+cons λ=0.01,42,A missing,0.0,29,434945,0.8376425079059294,-0.025660590346009555,2026-09-05 16:10:43
MOSEI-B3,A,H0+cons λ=0.01,42,V missing,0.0,29,434945,0.837642493793969,0.0,2026-09-05 16:10:44
MOSEI-B3,A,H0+cons λ=0.01,42,T+A missing,0.0,29,434945,0.837582779324646,0.02819197458026828,2026-09-05 16:10:45
MOSEI-B3,A,H0+cons λ=0.01,42,T+V missing,0.0,29,434945,0.8376424937529068,0.021621293776815622,2026-09-05 16:10:46
MOSEI-B3,A,H0+cons λ=0.01,42,A+V missing,0.0,29,434945,0.837642493837396,-0.0016975249402036022,2026-09-05 16:10:47
MOSEI-B3,B,H0+cons λ=0.01,42,None,0.5,30,434945,0.6656408938207204,0.5951919412375547,2026-09-05 16:10:48
MOSEI-B3,B,H0+cons λ=0.01,42,T missing,0.5,30,434945,0.8081430107171744,0.2006401881462371,2026-09-05 16:10:49
MOSEI-B3,B,H0+cons λ=0.01,42,A missing,0.5,30,434945,0.6529353638113657,0.5991333879801715,2026-09-05 16:10:50
MOSEI-B3,B,H0+cons λ=0.01,42,V missing,0.5,30,434945,0.6785082667948557,0.5851667060524455,2026-09-05 16:10:52
MOSEI-B3,B,H0+cons λ=0.01,42,T+A missing,0.5,30,434945,0.8120003806562404,0.21606133394261673,2026-09-05 16:10:53
MOSEI-B3,B,H0+cons λ=0.01,42,T+V missing,0.5,30,434945,0.8316315349718895,0.13649144614130326,2026-09-05 16:10:54
MOSEI-B3,B,H0+cons λ=0.01,42,A+V missing,0.5,30,434945,0.6642657705776802,0.5836876914936666,2026-09-05 16:10:55
MOSEI-B3,A,H0+cons λ=0.05,42,None,0.0,18,434945,0.837645060199297,0.0,2026-09-05 16:22:38
MOSEI-B3,A,H0+cons λ=0.05,42,T missing,0.0,18,434945,0.837645060199297,0.0,2026-09-05 16:22:39
MOSEI-B3,A,H0+cons λ=0.05,42,A missing,0.0,18,434945,0.837645058191537,0.03731789710601399,2026-09-05 16:22:40
MOSEI-B3,A,H0+cons λ=0.05,42,V missing,0.0,18,434945,0.837645060199297,0.0,2026-09-05 16:22:41
MOSEI-B3,A,H0+cons λ=0.05,42,T+A missing,0.0,18,434945,0.837586818968151,0.034224024818676785,2026-09-05 16:22:42
MOSEI-B3,A,H0+cons λ=0.05,42,T+V missing,0.0,18,434945,0.8376450601747157,0.021261488588308355,2026-09-05 16:22:43
MOSEI-B3,A,H0+cons λ=0.05,42,A+V missing,0.0,18,434945,0.8376450603070307,-0.002877736661561751,2026-09-05 16:22:44
MOSEI-B3,B,H0+cons λ=0.05,42,None,0.5,22,434945,0.6665769279353768,0.598217798397962,2026-09-05 16:22:45
MOSEI-B3,B,H0+cons λ=0.05,42,T missing,0.5,22,434945,0.8054239721276747,0.24023455036643057,2026-09-05 16:22:46
MOSEI-B3,B,H0+cons λ=0.05,42,A missing,0.5,22,434945,0.6639606833992309,0.5919196762665215,2026-09-05 16:22:47
MOSEI-B3,B,H0+cons λ=0.05,42,V missing,0.5,22,434945,0.664289879793353,0.5985269221329227,2026-09-05 16:22:48
MOSEI-B3,B,H0+cons λ=0.05,42,T+A missing,0.5,22,434945,0.8103873077073944,0.2086866089594186,2026-09-05 16:22:49
MOSEI-B3,B,H0+cons λ=0.05,42,T+V missing,0.5,22,434945,0.8169371401403688,0.21435820938006866,2026-09-05 16:22:50
MOSEI-B3,B,H0+cons λ=0.05,42,A+V missing,0.5,22,434945,0.6650598910766579,0.5856030348961988,2026-09-05 16:22:52
MOSEI-B3,A,H0+cons λ=0.1,42,None,0.0,28,434945,0.837648127774118,0.0,2026-09-05 16:34:37
MOSEI-B3,A,H0+cons λ=0.1,42,T missing,0.0,28,434945,0.8376481277836709,-0.0018729267518921282,2026-09-05 16:34:38
MOSEI-B3,A,H0+cons λ=0.1,42,A missing,0.0,28,434945,0.83764812804931,-0.03627091212051917,2026-09-05 16:34:39
MOSEI-B3,A,H0+cons λ=0.1,42,V missing,0.0,28,434945,0.837648127774118,0.0,2026-09-05 16:34:40
MOSEI-B3,A,H0+cons λ=0.1,42,T+A missing,0.0,28,434945,0.8376128105670789,0.026676944694050016,2026-09-05 16:34:41
MOSEI-B3,A,H0+cons λ=0.1,42,T+V missing,0.0,28,434945,0.8376481278346011,-0.013891803900722087,2026-09-05 16:34:42
MOSEI-B3,A,H0+cons λ=0.1,42,A+V missing,0.0,28,434945,0.8376481278096093,-0.003940939155854462,2026-09-05 16:34:43
MOSEI-B3,B,H0+cons λ=0.1,42,None,0.5,9,434945,0.8377589628005317,0.0025508800899668596,2026-09-05 16:34:45
MOSEI-B3,B,H0+cons λ=0.1,42,T missing,0.5,9,434945,0.8377528802770088,0.013460229848248942,2026-09-05 16:34:46
MOSEI-B3,B,H0+cons λ=0.1,42,A missing,0.5,9,434945,0.8377556270532007,0.00961009145559966,2026-09-05 16:34:47
MOSEI-B3,B,H0+cons λ=0.1,42,V missing,0.5,9,434945,0.8377590744206856,0.0025069476672029776,2026-09-05 16:34:47
MOSEI-B3,B,H0+cons λ=0.1,42,T+A missing,0.5,9,434945,0.8082794919056782,0.2202241269412469,2026-09-05 16:34:49
MOSEI-B3,B,H0+cons λ=0.1,42,T+V missing,0.5,9,434945,0.8377525819381121,0.013665656361651254,2026-09-05 16:34:49
MOSEI-B3,B,H0+cons λ=0.1,42,A+V missing,0.5,9,434945,0.8377552416758107,0.008355864181001251,2026-09-05 16:34:51
MOSEI-B3-sg,B,H0 (w/o cons),42,None,0.5,22,434945,0.6591024988108952,0.6017551351444713,2026-09-05 18:05:46
MOSEI-B3-sg,B,H0 (w/o cons),42,T missing,0.5,22,434945,0.8001293935633235,0.2469606499169577,2026-09-05 18:05:47
MOSEI-B3-sg,B,H0 (w/o cons),42,A missing,0.5,22,434945,0.6595772029023893,0.6000232404224769,2026-09-05 18:05:48
MOSEI-B3-sg,B,H0 (w/o cons),42,V missing,0.5,22,434945,0.6572085812630908,0.608963657230307,2026-09-05 18:05:49
MOSEI-B3-sg,B,H0 (w/o cons),42,T+A missing,0.5,22,434945,0.8048502428437785,0.22916463860291605,2026-09-05 18:05:50
MOSEI-B3-sg,B,H0 (w/o cons),42,T+V missing,0.5,22,434945,0.8296296937090433,0.13880562877787345,2026-09-05 18:05:50
MOSEI-B3-sg,B,H0 (w/o cons),42,A+V missing,0.5,22,434945,0.6581771769596979,0.6043202613420489,2026-09-05 18:05:52
MOSEI-B3-sg,B,H0+nsgL2 λ=0.01,42,None,0.5,28,434945,0.6573059154662777,0.6093194035763096,2026-09-05 18:12:02
MOSEI-B3-sg,B,H0+nsgL2 λ=0.01,42,T missing,0.5,28,434945,0.8043875124368872,0.26866011597872225,2026-09-05 18:12:04
MOSEI-B3-sg,B,H0+nsgL2 λ=0.01,42,A missing,0.5,28,434945,0.6542504789990108,0.6082063087056335,2026-09-05 18:12:05
MOSEI-B3-sg,B,H0+nsgL2 λ=0.01,42,V missing,0.5,28,434945,0.6567956256039719,0.6155462240453474,2026-09-05 18:12:06
MOSEI-B3-sg,B,H0+nsgL2 λ=0.01,42,T+A missing,0.5,28,434945,0.8087443826066608,0.24105670429873186,2026-09-05 18:12:07
MOSEI-B3-sg,B,H0+nsgL2 λ=0.01,42,T+V missing,0.5,28,434945,0.8180454643910593,0.21059255765059975,2026-09-05 18:12:08
MOSEI-B3-sg,B,H0+nsgL2 λ=0.01,42,A+V missing,0.5,28,434945,0.6568012369582809,0.6097710152529102,2026-09-05 18:12:09
MOSEI-B3-sg,B,H0 (w/o cons),42,None,0.5,22,434945,0.6591024988108952,0.6017551351444713,2026-09-05 21:59:05
MOSEI-B3-sg,B,H0 (w/o cons),42,T missing,0.5,22,434945,0.8001293935633235,0.2469606499169577,2026-09-05 21:59:06
MOSEI-B3-sg,B,H0 (w/o cons),42,A missing,0.5,22,434945,0.6595772029023893,0.6000232404224769,2026-09-05 21:59:07
MOSEI-B3-sg,B,H0 (w/o cons),42,V missing,0.5,22,434945,0.6572085812630908,0.608963657230307,2026-09-05 21:59:08
MOSEI-B3-sg,B,H0 (w/o cons),42,T+A missing,0.5,22,434945,0.8048502428437785,0.22916463860291605,2026-09-05 21:59:09
MOSEI-B3-sg,B,H0 (w/o cons),42,T+V missing,0.5,22,434945,0.8296296937090433,0.13880562877787345,2026-09-05 21:59:10
MOSEI-B3-sg,B,H0 (w/o cons),42,A+V missing,0.5,22,434945,0.6581771769596979,0.6043202613420489,2026-09-05 21:59:10
MOSEI-B3-sg,B,H0+nsgL2 λ=0.005,42,None,0.5,23,434945,0.65800761292107,0.601842894144546,2026-09-05 22:05:23
MOSEI-B3-sg,B,H0+nsgL2 λ=0.005,42,T missing,0.5,23,434945,0.8034510359224292,0.26002413175404415,2026-09-05 22:05:24
MOSEI-B3-sg,B,H0+nsgL2 λ=0.005,42,A missing,0.5,23,434945,0.6511330409950833,0.6004138024522928,2026-09-05 22:05:25
MOSEI-B3-sg,B,H0+nsgL2 λ=0.005,42,V missing,0.5,23,434945,0.6654846615895126,0.5967023566766835,2026-09-05 22:05:26
MOSEI-B3-sg,B,H0+nsgL2 λ=0.005,42,T+A missing,0.5,23,434945,0.802128920992636,0.2416912810739642,2026-09-05 22:05:26
MOSEI-B3-sg,B,H0+nsgL2 λ=0.005,42,T+V missing,0.5,23,434945,0.8144447276036365,0.21785310243356104,2026-09-05 22:05:27
MOSEI-B3-sg,B,H0+nsgL2 λ=0.005,42,A+V missing,0.5,23,434945,0.6591620293402621,0.5920451552662465,2026-09-05 22:05:28
MOSEI-B3-sg,B,H0+nsgL2 λ=0.01,42,None,0.5,28,434945,0.6573059154662777,0.6093194035763096,2026-09-05 22:11:56
MOSEI-B3-sg,B,H0+nsgL2 λ=0.01,42,T missing,0.5,28,434945,0.8043875124368872,0.26866011597872225,2026-09-05 22:11:58
MOSEI-B3-sg,B,H0+nsgL2 λ=0.01,42,A missing,0.5,28,434945,0.6542504789990108,0.6082063087056335,2026-09-05 22:11:59
MOSEI-B3-sg,B,H0+nsgL2 λ=0.01,42,V missing,0.5,28,434945,0.6567956256039719,0.6155462240453474,2026-09-05 22:12:00
MOSEI-B3-sg,B,H0+nsgL2 λ=0.01,42,T+A missing,0.5,28,434945,0.8087443826066608,0.24105670429873186,2026-09-05 22:12:01
MOSEI-B3-sg,B,H0+nsgL2 λ=0.01,42,T+V missing,0.5,28,434945,0.8180454643910593,0.21059255765059975,2026-09-05 22:12:02
MOSEI-B3-sg,B,H0+nsgL2 λ=0.01,42,A+V missing,0.5,28,434945,0.6568012369582809,0.6097710152529102,2026-09-05 22:12:03
MOSEI-B3-sg,B,H0+nsgL2 λ=0.02,42,None,0.5,27,434945,0.6532992720636037,0.6022509923915963,2026-09-05 22:18:18
MOSEI-B3-sg,B,H0+nsgL2 λ=0.02,42,T missing,0.5,27,434945,0.800884989368076,0.2800240444393929,2026-09-05 22:18:19
MOSEI-B3-sg,B,H0+nsgL2 λ=0.02,42,A missing,0.5,27,434945,0.6531678170363707,0.6051377065821301,2026-09-05 22:18:20
MOSEI-B3-sg,B,H0+nsgL2 λ=0.02,42,V missing,0.5,27,434945,0.6614174348397063,0.599817892931963,2026-09-05 22:18:21
MOSEI-B3-sg,B,H0+nsgL2 λ=0.02,42,T+A missing,0.5,27,434945,0.8103700646620718,0.23580598302161537,2026-09-05 22:18:22
MOSEI-B3-sg,B,H0+nsgL2 λ=0.02,42,T+V missing,0.5,27,434945,0.8228702819102827,0.1684222157055766,2026-09-05 22:18:23
MOSEI-B3-sg,B,H0+nsgL2 λ=0.02,42,A+V missing,0.5,27,434945,0.6581794766453661,0.6074688087429317,2026-09-05 22:18:24
MOSEI-Stage4-Fusion,B,F0 H0(z→Pred),42,None,0.5,23,434945,0.65800761292107,0.601842894144546,2026-09-05 23:31:33
MOSEI-Stage4-Fusion,B,F0 H0(z→Pred),42,T missing,0.5,23,434945,0.8034510359224292,0.26002413175404415,2026-09-05 23:31:35
MOSEI-Stage4-Fusion,B,F0 H0(z→Pred),42,A missing,0.5,23,434945,0.6511330409950833,0.6004138024522928,2026-09-05 23:31:36
MOSEI-Stage4-Fusion,B,F0 H0(z→Pred),42,V missing,0.5,23,434945,0.6654846615895126,0.5967023566766835,2026-09-05 23:31:37
MOSEI-Stage4-Fusion,B,F0 H0(z→Pred),42,T+A missing,0.5,23,434945,0.802128920992636,0.2416912810739642,2026-09-05 23:31:38
MOSEI-Stage4-Fusion,B,F0 H0(z→Pred),42,T+V missing,0.5,23,434945,0.8144447276036365,0.21785310243356104,2026-09-05 23:31:39
MOSEI-Stage4-Fusion,B,F0 H0(z→Pred),42,A+V missing,0.5,23,434945,0.6591620293402621,0.5920451552662465,2026-09-05 23:31:40
MOSEI-Stage4-Fusion,B,F1 MaskGate,42,None,0.5,18,699140,0.6669537118815998,0.5967079052586923,2026-09-05 23:39:48
MOSEI-Stage4-Fusion,B,F1 MaskGate,42,T missing,0.5,18,699140,0.8178800423317168,0.17768314142672503,2026-09-05 23:39:50
MOSEI-Stage4-Fusion,B,F1 MaskGate,42,A missing,0.5,18,699140,0.6585190717881895,0.6086625070343487,2026-09-05 23:39:51
MOSEI-Stage4-Fusion,B,F1 MaskGate,42,V missing,0.5,18,699140,0.6649131494622992,0.5988940014198947,2026-09-05 23:39:52
MOSEI-Stage4-Fusion,B,F1 MaskGate,42,T+A missing,0.5,18,699140,0.8113866146099169,0.20544293057101293,2026-09-05 23:39:53
MOSEI-Stage4-Fusion,B,F1 MaskGate,42,T+V missing,0.5,18,699140,0.8377608032115831,0.0037008594100737527,2026-09-05 23:39:54
MOSEI-Stage4-Fusion,B,F1 MaskGate,42,A+V missing,0.5,18,699140,0.6589261680961196,0.6092831703899033,2026-09-05 23:39:55
MOSEI-Stage4-Fusion,B,F2 GlobalQuery,42,None,0.5,29,566785,0.6381889963194093,0.6249053684857999,2026-09-05 23:47:59
MOSEI-Stage4-Fusion,B,F2 GlobalQuery,42,T missing,0.5,29,566785,0.8038598350891609,0.24201967002260397,2026-09-05 23:48:00
MOSEI-Stage4-Fusion,B,F2 GlobalQuery,42,A missing,0.5,29,566785,0.6393612166167617,0.6231533697206771,2026-09-05 23:48:01
MOSEI-Stage4-Fusion,B,F2 GlobalQuery,42,V missing,0.5,29,566785,0.6431465697331961,0.6237808648346967,2026-09-05 23:48:02
MOSEI-Stage4-Fusion,B,F2 GlobalQuery,42,T+A missing,0.5,29,566785,0.8059009109460904,0.2298380717818836,2026-09-05 23:48:03
MOSEI-Stage4-Fusion,B,F2 GlobalQuery,42,T+V missing,0.5,29,566785,0.8233093313635922,0.20399685359985573,2026-09-05 23:48:04
MOSEI-Stage4-Fusion,B,F2 GlobalQuery,42,A+V missing,0.5,29,566785,0.6421262349264881,0.6234456634805635,2026-09-05 23:48:05
MOSEI-Stage4-Fusion,B,F3 HyperGuided,42,None,0.5,29,632321,0.673750197184131,0.5846811793851614,2026-09-05 23:56:22
MOSEI-Stage4-Fusion,B,F3 HyperGuided,42,T missing,0.5,29,632321,0.8113076786371415,0.2464363308800872,2026-09-05 23:56:23
MOSEI-Stage4-Fusion,B,F3 HyperGuided,42,A missing,0.5,29,632321,0.6650817655617577,0.5893304926026687,2026-09-05 23:56:24
MOSEI-Stage4-Fusion,B,F3 HyperGuided,42,V missing,0.5,29,632321,0.6719413721552935,0.5809568348851358,2026-09-05 23:56:26
MOSEI-Stage4-Fusion,B,F3 HyperGuided,42,T+A missing,0.5,29,632321,0.8005956773351101,0.24633071682494775,2026-09-05 23:56:27
MOSEI-Stage4-Fusion,B,F3 HyperGuided,42,T+V missing,0.5,29,632321,0.8147237931842217,0.21908401401414768,2026-09-05 23:56:28
MOSEI-Stage4-Fusion,B,F3 HyperGuided,42,A+V missing,0.5,29,632321,0.6762964262752444,0.5743126446778634,2026-09-05 23:56:29
MOSEI-Stage4-R2-F3norm,B,F3_norm QNorm,42,None,0.5,18,632321,0.6861263161725736,0.5789509048896259,2026-09-06 07:58:34
MOSEI-Stage4-R2-F3norm,B,F3_norm QNorm,42,T missing,0.5,18,632321,0.8023303737910503,0.26759205505763356,2026-09-06 07:58:35
MOSEI-Stage4-R2-F3norm,B,F3_norm QNorm,42,A missing,0.5,18,632321,0.6631254990270861,0.6017238030742429,2026-09-06 07:58:37
MOSEI-Stage4-R2-F3norm,B,F3_norm QNorm,42,V missing,0.5,18,632321,0.692591890365462,0.570859124312642,2026-09-06 07:58:38
MOSEI-Stage4-R2-F3norm,B,F3_norm QNorm,42,T+A missing,0.5,18,632321,0.803111085572677,0.2264755157232371,2026-09-06 07:58:39
MOSEI-Stage4-R2-F3norm,B,F3_norm QNorm,42,T+V missing,0.5,18,632321,0.8162569201715966,0.231180989139697,2026-09-06 07:58:40
MOSEI-Stage4-R2-F3norm,B,F3_norm QNorm,42,A+V missing,0.5,18,632321,0.6699332921789887,0.5918074343721064,2026-09-06 07:58:41
MOSEI-Stage4-Final-F2noCons,B,"H0+F2        (rep+fusion, 无cons)",42,None,0.5,18,566785,0.65431682716616,0.6090652534467347,2026-09-06 08:28:57
MOSEI-Stage4-Final-F2noCons,B,"H0+F2        (rep+fusion, 无cons)",42,T missing,0.5,18,566785,0.8037094169361214,0.23083557651140998,2026-09-06 08:28:58
MOSEI-Stage4-Final-F2noCons,B,"H0+F2        (rep+fusion, 无cons)",42,A missing,0.5,18,566785,0.6492103372562409,0.6141798870890669,2026-09-06 08:28:59
MOSEI-Stage4-Final-F2noCons,B,"H0+F2        (rep+fusion, 无cons)",42,V missing,0.5,18,566785,0.6594616636914593,0.6086441395851763,2026-09-06 08:29:00
MOSEI-Stage4-Final-F2noCons,B,"H0+F2        (rep+fusion, 无cons)",42,T+A missing,0.5,18,566785,0.8058036331391941,0.23092678458211008,2026-09-06 08:29:02
MOSEI-Stage4-Final-F2noCons,B,"H0+F2        (rep+fusion, 无cons)",42,T+V missing,0.5,18,566785,0.8155719167501739,0.22121721908736555,2026-09-06 08:29:03
MOSEI-Stage4-Final-F2noCons,B,"H0+F2        (rep+fusion, 无cons)",42,A+V missing,0.5,18,566785,0.6544582237346203,0.6112476820347502,2026-09-06 08:29:04
